uid,device_id,registerdate,lastpaydate,lastlogtime
353535941337825,9d7d2598-c50d-44a6-bba1-58eb917cfbce,1454317211,,1461883487
517784080691472,,1454454867,,1457504660
368482427547932,fad2f67c-d380-48a4-9d28-f34e69a35692,1454566087,,1467035277
313635695198016,,1454617764,,1454843216
490949125046090,8478c637-a0f7-4af2-aee5-c53784166ecb,1454679652,,1468299631
512157673553740,375662c0-b687-409a-a750-b9c8347b41fe,1454690896,1467075330,1468371922
658242394092486,,1454763035,,1458423191
788336953488333,cb86c43e-39b3-4965-856f-7ec641900d1a,1454783779,,1463900433
438559114009516,,1454807392,,1459375149
420271143263158,,1454839739,,1458501010
296911092587473,,1454965412,,1459066344
804958476923897,84e54baa-f321-4c25-9124-88305413c2fc,1455046802,,1461516142
440861216480233,,1455151382,,1456257569
445671579851762,,1455211592,,1456012630
703330960765984,,1455371211,,1458148999
802209697854502,4c9b66d1-e8d0-44c8-aa62-00240bb8bad1,1455416395,1466404161,1468355493
537832988089370,4fa8af5c-901a-4e17-9c80-a55bc79c8087,1455435240,,1464331440
339740506483267,7be98484-eb1f-453c-b991-ec006f2ce67c,1455465754,,1464290251
331339550452301,5c0cd2d776c20086,1455533763,,1463405945
457285171450348,9b385fc4-ed00-42e1-a7ba-06b4285fc567,1455562694,,1466442100
451237857497647,,1455566805,,1457131892
407635349508808,,1455581338,,1457191113
650803510766310,71a491894f4f5d65,1455582556,,1462261915
389270069351124,8744735d-cb93-471a-8a26-b260ee9cd808,1455582644,,1468379438
789092867762979,,1455585469,,1458310667
635393168108509,,1455594625,,1459265829
335935165469659,,1455596257,,1458228317
831561504386046,b6eb5742-7bdd-45b2-827f-9aa2b6328772,1455597309,,1463928119
684647853059120,,1455602410,,1457352552
547977700873277,53098aa7-aec1-4777-9237-dc21c63c7afd,1455605273,,1463044306
722125737684035,2cc3d4e4-ff38-4b2e-8b61-7af781c8061e,1455606061,,1461565839
289180151485583,f86c0da2-9ac5-4a91-99a1-abf36ad23151,1455614193,,1468288483
801891870305440,0b4e7c5f-03a3-421c-ab54-d1c421f73eff,1455616856,,1460529689
696733891060606,01dcacb5-9056-48ed-84f7-e0747fba2aab,1455641060,,1468376137
314881235825359,8096c776-0d19-4007-a869-c85d8d8e815d,1455643318,,1462451397
391804100096776,3a09d9b1-1239-40de-a388-69403a5b8679,1455645778,,1460968095
565127503176677,,1455645790,,1457090895
686048012428535,,1455664311,,1457177143
675972019152378,,1455676818,,1457457419
511453299029299,7db2077c-65b1-41a4-a79c-ec1b5c052302,1455678612,1463879545,1467111086
313446716749130,,1455680944,,1459265953
434478895150504,2c9fb16a-f8e2-479e-81ab-0974e2807c6f,1455689354,,1459947919
622087359456920,3a4a749d-a0ce-4f9c-b1ba-9cee54c3ff66,1455693561,,1466652265
765298748974840,,1455706196,,1457277456
595742030063487,fd6817b6-2b06-4e24-b412-852f6a9e2e21,1455715585,,1462223797
760256457369944,6238d360-02d0-402c-a2ac-e23dffc8c8e3,1455754424,,1460278358
615593368906106,,1455757554,,1459282265
408597422225616,,1455760038,,1455847495
791008423209405,ff2dfac8-6cfd-4b90-b829-a8aac704559d,1455761566,,1459975095
757670887057857,,1455761796,,1456011115
629251364907495,087bbb87-4b43-41f2-9ca8-b81a33f29f79,1455764224,,1461563134
399784149334436,75231ba6-edf3-47cb-8fde-82dbcb1a09dd,1455780464,,1467242974
746641411142106,005aa8bc-2db6-4930-acbe-ce707862efeb,1455799773,,1468356255
617319945859662,b12ea2cd-118e-4be4-a365-9c480ce3664b,1455802134,,1468381119
735620525060691,f7ff2117-a152-491d-ab41-9bf05eed1cb4,1455802405,1464628893,1466163024
813617131156053,,1455802410,,1457647768
600861631181606,,1455814149,,1459836315
402034712198093,93ca546a-f8cf-461a-b073-dc1c5a156424,1455814934,,1466678168
653148563043211,,1455816880,,1459464559
680438785242072,eb5c59c7-bd71-4460-b285-cc638ba195b2,1455818598,,1467821330
466983207648683,76d54dfd-986c-4d5c-ba3c-68753b6a75ac,1455823144,,1467048298
459922281414119,,1455823911,,1456175513
605096468936040,f076f11b-2fc2-41ac-9c21-45df02992610,1455823940,1463404941,1468374276
731291198027169,891ceb7f-1e42-4e98-9ad3-ad15b3466c26,1455824771,,1462071125
506411007426125,db2e76c2-e6f0-4dac-a72c-fc264d3aab5c,1455825349,,1468381663
755557763249618,02d58665-7203-4191-bc2b-f6ba0df02201,1455825459,,1468037054
460600886247040,8871d51f-30dc-43c3-9e2e-4c01759f0a3a,1455826169,1462064547,1468372609
496463863168707,,1455827276,,1459389694
783028374074997,,1455828449,,1458743963
315516890988301,20c58124-9130-4f74-afbd-3683d8b356cd,1455828646,,1459802762
352127192219414,,1455828819,,1458198448
681280598832909,f29b0203-9047-459e-8340-697928a25f07,1455831391,1462156964,1465816753
812182612080522,,1455833884,,1457013324
281775627911300,,1455835909,,1458341233
404482843558032,53ef8726-5d58-4ff5-8e53-38b7a8c25eaa,1455836209,,1459792337
582788408801303,82bf04d7-9860-41e7-9a29-3206d343a7da,1455836698,,1460840627
547823082094849,be88c55a-46cf-4492-a37c-8d762281ea71,1455838052,1463789383,1466888492
701836312311952,e09310ea-dd94-46b4-a6f1-f94c984a2463,1455838494,1462287930,1462860744
683668600649885,cc93da10-ab94-40ad-92fd-c338c1e239fa,1455838754,1463955707,1466651307
773957403146559,f8236a21-c6c5-46e7-b0ca-8a4c47da6cf6,1455841169,,1460583121
388084658422237,3be44838-0da0-43d4-ab59-aa06a66dc47f,1455841471,1462315961,1467770795
346346166239896,,1455843840,,1459403101
483458702197488,,1455845053,,1457971717
785270347004681,1c99375f-e6be-4b04-91ef-0e22507d5236,1455846811,1461853560,1465120179
704052515437395,1b9ade30-a6d0-4098-a119-f94a2370dc56,1455847720,,1465108870
607536010361712,e98dae96-2139-4bf1-8a58-12818df288b8,1455848245,,1468323994
496309244347388,,1455848518,,1456878085
492503903323201,,1455849485,,1457788228
805877600091073,,1455849517,,1455995934
433551182218363,e8b1b1c5-ecf1-46d5-87e3-caedefd8b3d2,1455850525,,1463015967
331339550508156,5c0cd2d776c20086,1455850574,,1467193843
343270969656534,,1455852110,,1457320286
338847153341674,a0a98aae-b8b5-45ae-bf49-a70fcc874142,1455852731,,1461447848
556086599173379,5a7a82d1-8d41-4e8a-a09e-42aa69ae3127,1455853554,,1466389918
704000975830202,a0f19613-a070-4032-a641-13e1e5994945,1455855089,,1466917851
818204156230862,551bb757-8ff0-4854-95c9-23db53637180,1455855735,,1465937910
685893393710289,93f7c9a8-be75-46fd-a518-81c0b3aa6887,1455855847,,1461169469
655012578852102,83d046d7-960b-46a8-b665-af3bc5db9f3c,1455859428,,1460833983
318952864826877,61566849-5d94-4b22-9a0a-b573ea767a66,1455868813,,1461235208
559290644776467,135fbfd6-a469-4071-841d-e637ff442e1a,1455869777,,1468312328
716671129353771,79519f0f-a359-47de-8bd1-71319ca9672d,1455874931,,1461275752
676624854285934,311cd391-e0af-46ac-bda9-bfbb7895de50,1455876881,,1459881541
655442075582157,,1455878820,,1458251376
760608644792074,ee57f9f9-bde0-45fa-a728-5e1bae9e9f81,1455880421,,1468069850
296739293972357,,1455880707,,1457440845
782994014338894,b34a8477-5c64-46a0-8ef9-baf93bb887e5,1455881823,,1464011072
521958789040100,94662f7c-bbfb-48d5-ae10-f3c988400b19,1455882499,1467288834,1468374527
360923285243946,,1455883800,,1458960231
296172358289478,,1455884430,,1458671772
793241806307337,b26828fd-9fd7-4cbe-ad52-39385bd539d7,1455885322,1465609233,1468381759
749811097010199,,1455885547,,1458000661
554463101536402,ad50caea-6358-40e2-abf7-ce4c3c9632b9,1455886026,1466611585,1468340213
577505599029302,6943b576-5c7c-48fe-bb4b-67583ffcf1f2,1455886045,1465830847,1468362265
727640475828279,b1e0aeee-ae20-4b9b-86fa-244352fbeaa5,1455886053,,1465699686
422959792867526,87059cc8-b831-4835-b61b-7cd0ae31ac4b,1455887048,,1466811132
692275715113081,f0d0e2dc-abd2-45e9-9e68-018579a8db41,1455887306,,1462148197
651559425147101,,1455889004,,1458870860
650296704762258,9c2e519f-fb75-42be-b5e4-1f11887686a9,1455891813,1461345229,1468026450
386349491636748,9554711c-0411-41a0-b584-0f41adab53cd,1455892010,,1461777599
559934889871924,e706902c-10dd-42cd-9f66-0222b21ee58f,1455892583,,1460839558
391580761803565,5f177540-9d45-4ff0-bf7a-e18ae38b31a7,1455896521,,1464454615
414481527425995,32f7465d-5006-4df4-90b9-61211939413a,1455899121,,1468340184
769499227095974,0e3a7fc7-8ca2-4bf5-a325-5b2e8c2f908c,1455899332,,1461659038
545125842635947,b3c699ae-4260-4154-98eb-1b715b2d70ef,1455903505,,1462856229
841912375706917,,1455905914,,1458306074
619647818138947,8c2b5f17-5ea9-43a6-adde-43b07375db35,1455906387,,1468368215
694191270528347,,1455906732,,1457579575
338331757268400,26e1cf7e-b105-48f9-8197-7ee04850c4ac,1455907568,1462927480,1468367093
739271247267236,0b12e8dd-6c70-4dae-b8ae-864dfefb0796,1455907924,1464120209,1468345758
682053692949930,,1455907969,,1456671826
759723881530808,9abd124d-992d-4251-9b15-09fd8bd54cab,1455908274,,1466694163
291396354657762,a9f5cb5d-d868-44e6-a3f0-28fb689f4df4,1455908318,,1468348239
813892009068110,38908709-f94d-4037-92e1-fabe07cbc242,1455910327,,1459894735
736685676955262,,1455910986,,1459640736
677200379906003,d6436f89-c246-41cf-bd03-7f296615002b,1455916561,,1465224383
403374741999846,5e930a01-f203-42a1-8aef-545c29456e43,1455920365,,1460310584
687319322855775,f6154704-e04f-4ea2-a689-771a760b6242,1455923086,1466079947,1468381955
812070942935441,73e2aff7-b2fd-4ba8-b5a7-510cba972467,1455923885,,1468377266
320206995280340,36352fce-468a-4b52-8536-0a414764381a,1455924008,,1468370693
331760457306855,60eff8e5-3058-4cdc-81b0-2d10c028a31f,1455928447,,1466006734
436042263254023,ec25c2c5-c5f5-40ef-a164-0be2fb772539,1455933021,,1466613611
799383609543754,60637022-29b0-415d-a8fe-7fd219fcf093,1455934998,,1462743119
294961177515107,70a78bfe-6c63-4847-a1fa-45b5142195f6,1455935011,,1461365270
766999556131966,,1455935965,,1459270170
786352678767753,8f92d102-bcf3-4d21-a62d-e0cd27073ddb,1455936201,,1461895634
756167648611551,,1455938388,,1456884538
735096539057390,ae654718-f545-4e33-8dc3-f9fcdf49c832,1455938769,,1461159583
386358081574322,a7c160de-1258-496c-af43-a5acdcb57976,1455943118,,1465128160
833279491444110,351e959a-935e-44c2-a19b-88952af75d40,1455944550,,1466987031
789058508164515,65165a75-394c-40ab-adca-d846144f5429,1455945316,,1463090900
617268406259145,,1455947357,,1459192394
811864784506319,e3b9b9a1-2215-4651-99b2-fcf03dc60719,1455947607,,1463001568
345066265990699,23e1628f-3cd1-4941-9ded-2b2562d54a6e,1455949047,,1468340590
578914348306063,,1455959494,,1457308585
353243883722494,4bc3ec35-4d4a-4e3a-9a2a-3f4e946a5978,1455961882,,1461540033
661128612286183,,1455962658,,1457844011
674966996913918,334238a6-fcfd-4742-b239-d0a80cf9e9e2,1455963400,,1464695011
501823982360417,,1455964623,,1459663630
591807840128815,3d4a0a13-2bb8-4ad1-bca0-aa6f5b8134e9,1455964730,1463566703,1466153613
732966235279233,ed62cf51-ab19-49d9-8286-2ef903f8f0d2,1455966909,,1467629027
419798696941617,,1455969280,,1459632145
803017151877162,f58d23ef-709c-4ba6-87ad-67e60915ed1d,1455969822,,1467344160
372073020348598,,1455971808,,1458890608
737587620090072,cea4e642-738c-46bd-8081-3f15baab7987,1455972415,,1462048301
658568811778268,,1455972447,,1459093951
585829245653281,e92d7856-dabf-485c-99b4-37a337daec03,1455973424,,1463725153
407489320671608,,1455974757,,1458057057
553947705465279,14dce014-b183-4255-8764-9744634e652a,1455975653,,1462339522
388101838297555,b8de3f53-aedf-4198-9593-c0f3c94186b1,1455975909,,1460869542
581491328684527,eb1e3edf-f0cd-453a-82f5-000d36899eca,1455976846,,1468357471
754887748358677,da4f8473-46f4-4fe9-9ce5-0ef7ff2f37f1,1455977555,,1460468742
795664167867019,,1455979557,,1458570842
512939357723347,30b8637a-11ab-409c-9c7c-cf6e5aff9a2e,1455979901,1461183058,1463100174
718243087389465,0f3e7011-011a-4290-bd26-308a8cfd3ee3,1455981659,,1460230168
405290297416532,ef2164fa-828c-4713-b2a8-84a7cbc1ebd1,1455981774,1461621011,1468374766
711946665333597,827d47d7-f297-44c2-8393-9ae7e37a8f35,1455982870,,1468362460
547273326287802,cde583a1-0079-403e-9616-ba03cdf3ffd0,1455983269,,1461715002
424703549594564,,1455983416,,1459571424
576380317602705,,1455983556,,1456014716
588088398451612,79da5d1b-942d-4f80-9f80-5fe7dc34012b,1455983705,1467761700,1468368880
368783075400765,b84cd5fd-e153-4d85-a32f-7a816b53584c,1455985239,,1462853943
353785049603135,,1455985292,,1458662841
823727484179490,f752ffd4-3a17-4697-840e-283b7dfcc92e,1455985567,,1464996696
581791976395855,,1455986143,,1457473099
385052411518078,,1455986201,,1457387907
525978878434719,,1455990702,,1457057850
482213161688825,14fbd5bb-0af1-4f6e-b721-0ce66721b5fd,1455995963,1465175563,1468381994
319253512544047,ddfde219-b7f3-46b6-83dd-8b389b6e6038,1455996800,1461159957,1464975842
399801329213235,4e997b1c-1532-4699-b7a6-eca65d53c408,1455996851,,1468354559
772900841199403,903f0805-6df6-42b0-98fd-f63c80f22cc8,1455997193,1462197168,1465866936
703305191135070,,1455997923,,1456263946
541792948019090,9344df9b-ee2a-4517-91d3-c0f22acc0485,1455998328,,1466174742
285417760186264,,1455998395,,1457542028
771526451665239,,1456005602,,1457079411
805310664415609,0af7e49c-66e8-4e28-8770-c9f3d332d925,1456006260,1461928692,1466439675
535874483085836,2ebef624-e31d-4511-afb6-1065ad6d236c,1456008210,,1461448855
431558317400641,,1456009108,,1456870537
671092936415791,,1456009854,,1456583771
832532167137908,,1456010886,,1457067016
842453541591669,c79f44de-60f7-45a6-b2fa-f3d27fb9b317,1456010897,,1465003071
709773411883808,,1456013775,,1457998759
303662781260626,2cda072d-fbd7-4a76-a2b3-c4b09cc7fd17,1456013869,,1459733302
791979085929382,4a5a7ec0-5392-4802-a439-e808373d5f09,1456015616,1462933503,1466471217
723783595203584,,1456017092,,1458257768
342446335943749,5c24d399-8cda-4941-8daa-e4cf069458fa,1456017709,,1460279119
411664028886105,f85cc1b1-78fe-4117-9e9a-e88ac2de5cd4,1456018161,,1461464981
391597941679244,09f4d431-0849-467e-b5f4-d29a730da2d5,1456018879,,1461445325
653930247101644,,1456020335,,1457758646
358372074677635,,1456023857,,1459516413
838158574296514,,1456024715,,1457353664
549764407322071,,1456025580,,1459410683
565093143551557,33252263-c6f0-495a-8e29-3c09d724ad74,1456028351,,1466273287
469611727644256,dc4ca138-f925-4ef5-8cbf-3cd5529ff689,1456030216,,1462129582
592787092676229,2af40185-486f-49b3-8a15-06e801d6f510,1456030764,,1461582902
568821175164602,,1456033369,,1458108395
792606151155413,85692ef9-c5f7-4872-8003-d759a49a6b56,1456034515,,1461474566
415666938406845,89f0db18-bb07-4441-8d32-bae577553e1d,1456047848,,1467465194
480331966015503,0ffb1e57-6fc8-4de4-a78e-9f6c3394034c,1456051082,1464442361,1468381384
584566525272143,2ecf6cd6-c67d-47a3-8887-e56b2230f01c,1456052920,,1460884891
414326908610666,3d869588-82ed-4338-9432-afba9840ed21,1456053623,,1463849876
563400926437661,a7fc9f54-0fcf-4099-969b-5363e3da57aa,1456057741,1463053862,1464565031
623221230936363,b15e7529-6fd6-4b9b-80cf-c77b89ad4026,1456058010,1461297738,1468326514
674889687507455,6ce0b545-7337-4381-86a5-d14e352eca9e,1456061763,1464350316,1468367416
457723258170359,454cf130-7bb8-4f35-bdc5-2e6cd5e9ce31,1456067957,1465576953,1468339747
356516648807458,cba020c9-5cf0-4567-ac4b-108bde95a89c,1456068516,1466280503,1468362641
370303493827630,a2eb11e0-b0ee-4894-b839-0c25b9146abc,1456068711,,1468371745
594032633193545,5c2244d8-e8dd-4181-8619-296b9fc7e126,1456069695,,1461593271
366730081037449,e64bc659-b0fa-4c2c-b326-38e7f65a1860,1456070076,,1464027261
589076240934093,475e4faa-d909-4fb1-9b0b-7bf594177582,1456071487,,1464461565
794538886440163,2da3cbea-9a7f-499c-be10-80e24bf5aeea,1456071796,1462322510,1464497921
484807321939256,,1456072452,,1458157914
306274121379235,,1456073787,,1457194234
454201384988162,,1456075294,,1457881400
718706943862332,9490c035-4fd8-4a9c-bbcf-71d6bc17782b,1456076255,,1462887829
706088329946689,a0472b34-f465-42c9-9b58-2e69b99b0295,1456076318,,1467550789
596472174618185,,1456076397,,1459087179
690497598662414,45be5413-ac6c-41ff-8286-2367fc4c385c,1456079744,1461480708,1465251153
726231726565183,,1456080624,,1457094458
553990655143929,,1456082867,,1457980652
654016146450354,b8732a31-fcf8-4f23-bd37-2eb5e4bdfca3,1456082885,1461261937,1464146071
611659178977267,58719091-257a-4260-b197-90e0327e3981,1456083866,,1457290760
771208624089248,d1171ce9-c3ab-4a21-a432-755d6af80c36,1456086488,,1458850461
298714978939380,00cb4845-66f2-4dc3-ac9f-35845f41afc1,1456089989,,1468085572
445766069220025,e8ce3eb4-e3ea-4180-b69e-7e1c11b1c363,1456092574,,1457277066
361241112834832,dcbd4998-8d5c-4f3e-911f-c6ac349e505a,1456093916,,1457541727
649523610659559,9a642d1e-1fab-484a-b0c8-50c637287396,1456095408,1468377275,1468381493
703330960943885,c554c433-998f-4fac-adf6-f6172b3088cb,1456096074,,1460296980
511848436036546,82218fce-de53-48d9-9a60-70e19f089963,1456096472,,1457128404
444898485826506,93c456a8-0faa-4812-b658-6b2547bba8e9,1456096571,,1459022196
481508787057735,d95e1391-8f61-4608-af2e-02fe19038109,1456098554,,1460835019
482221751628898,d0d5130f-b162-49e4-b112-6b4e95d20909,1456098751,,1458091600
661506569415693,96bd5ff0-e2ed-4b6e-8ab5-2847fcc1d631,1456099653,,1459705474
839893741087768,76cf8637-d657-4639-8135-c5767dc8591d,1456099765,,1459227305
613308446420023,4989d367-a504-4d7c-aef2-f98f6f973209,1456100135,1461460115,1468249202
464543666238716,8695c734-e16f-4ad7-b8d3-025a9e0503d4,1456101019,,1457981618
744528287247523,47375589-5be6-4b47-b187-f2ef2503ebb0,1456101593,,1458530525
610001321602473,5371280c-99bd-4b08-b611-2c8664482454,1456105415,,1461777352
552727934760660,03012344-6a29-4a97-b90d-c90277714449,1456108788,1461328904,1468314194
623255590958108,,1456109125,,1456719230
496618482055741,,1456109158,,1457327619
513016667191876,b5bd32ca-97f0-4278-bbaf-5a730b754571,1456109306,,1468302582
600595343504538,98390645-485c-4e7c-afc4-0beb8ccaf917,1456112114,,1464028807
415306161208057,,1456114328,,1458022904
578338822976889,b3db3fc0-9c1e-40fc-9d4f-554f7ed57dea,1456125915,1468337643,1468380649
790115070408081,,1456128594,,1457262361
572420358043030,17331579-4223-49e7-86f6-d38913f788b3,1456129017,1464760381,1468350384
791936136541614,9e4b536b-2cf8-41ee-bc5f-1b81b7964be8,1456132799,1464949995,1465175809
651233007924671,,1456134506,,1457601723
484652703169547,,1456141219,,1459163812
294608990256186,741ce6c3-e0f5-43d4-9d88-8581d2a71312,1456146278,,1468306144
681134570239584,1f8a8905-58a4-448c-a0ad-eb8510d7cfba,1456147811,,1468376748
286998308207714,753e7784-cbfe-4623-a47c-3f99f60f4b2e,1456149045,,1462931531
650116316427934,,1456154184,,1458295099
748668636001998,b42b142b-cfe4-46cc-a336-049dfa5195c4,1456158299,1467074532,1468381928
686477509555939,1f5a60bf-84e4-4e66-ae21-002f6d5b85be,1456160456,,1461359682
283991831100663,,1456160925,,1457494133
687405222491891,,1456162163,,1458495146
487788029295879,25b5237c-fef3-4939-8ecf-265c22f09ba5,1456162412,1463238656,1466653749
353157984435496,,1456164768,,1457303868
694259990296351,,1456165093,,1457193675
324630811655510,bd3b5b6f-ab2c-4354-88ee-87cf3ce66847,1456168565,,1464280292
785828693047120,9e8de4ca-3ed0-4bd9-8bec-530fb2622d71,1456170748,,1463850688
690179771365215,92be222e-9a57-4dac-88aa-aefd85b20cdc,1456172114,1464854052,1465790506
407446371057026,bdf2a79a-e7da-458a-a227-2ee68b5df146,1456172396,,1466010719
343116350897554,78216c2e-598c-4ec2-b2b0-ec780f4f664b,1456174175,,1461494787
468202978426295,,1456177594,,1457559789
309804584549824,8f45b4c3-416d-4127-96c1-cbce3efae065,1456178312,1466135368,1468373971
521744040738252,a32d9ddf-b233-480d-9d2a-be8f25fb2e5a,1456179574,,1463473245
690720937244607,01b1deb0-25f3-4e32-baad-1946c9a94252,1456180174,,1468282120
622740194883532,bcf7b88c-bee6-40c1-936d-75ec72f636ad,1456181399,,1462081532
714695444690893,,1456181561,,1457246899
373610618699251,,1456182585,,1456738660
300089368526351,c8f09a86-7477-40f1-8259-b14b621e9167,1456186046,,1468108042
488878950989348,716f7dd7-aaa7-4b9c-88a0-929ea224def7,1456188266,,1462542944
746349353662498,,1456192421,,1458046923
809725891082291,7e547ff5-cc44-4234-997f-ea303bff448c,1456194444,,1466287951
810679373822005,aec8499d-39c6-48d8-9399-2a2f03e0bf9b,1456194579,,1460517109
425356384681592,26151230-468a-4709-b210-5c4c0c8154fc,1456197621,,1461772938
625222685980791,,1456214056,,1457580939
537669779472069,87504285-8958-4355-adec-d3465e79d0bc,1456220233,,1467810500
664074960140428,b7f39aee-6500-4b44-9029-7261eeeb59c9,1456224729,1467114024,1468359975
813574181779598,,1456225034,,1459841070
683273463953579,db21cda8-a1a9-48d5-b482-5dffbf99d130,1456233346,1464485587,1468379253
592495035185357,02276656-45fd-4fed-88a7-0daab7275cfe,1456242373,,1461457318
582805588965598,b61a883c-d99d-411d-8f31-aef7bace2f75,1456246185,,1468250342
337730461908855,5686b9a0-95f7-464a-92e8-686ce988b8c2,1456269297,,1466877010
364264769863558,4bd87362-37cd-4625-a17b-6c71a42519e9,1456272375,,1468303628
658714840955261,0d01e369-969b-4d4f-855a-fd748227b398,1456278690,,1460948402
776989650352529,,1456282255,,1457669569
357985527676911,,1456289180,,1459560980
690463239207369,,1456294899,,1458785159
382990827274259,,1456301481,,1459374517
306428740255789,d6fe1554-85cd-4451-8631-12a46d1e2c52,1456309133,,1462826968
832514987555313,78535e96-1eb4-4ec4-8a5c-e89e2612bdef,1456312579,,1461255432
353115034763379,07c53d28-28ca-4d07-8e61-fe814935d693,1456327778,,1467067949
552693575073910,b9615c8e-6f7f-41f4-af83-5fa3fe304b44,1456328112,,1460057049
711379729938990,,1456328930,,1457056738
798258328402485,,1456329972,,1457821735
312665032769665,e5762691-7a67-45b3-bad2-55bf143e99a3,1456331082,,1463369797
762343811873366,8a6110bf-3c1e-46fd-8408-a95b619aaf75,1456336439,1463424684,1466634273
533039804727505,,1456343654,,1457212268
778664687598243,173d8dbd-b6bd-4941-a08c-97d2b432a416,1456346182,,1461604795
507141151932668,,1456348988,,1457285236
656026191428356,,1456359800,,1457460075
554136684085609,,1456367380,,1458395472
838089855105866,3683b5fe-6c5c-457f-bbf3-460c980848cf,1456374979,1465792655,1467612185
290425692111247,1088a97e-c882-4084-a39d-a3197906e7de,1456378989,,1466355373
399930178290068,,1456380475,,1459136049
806891212667739,1e852913-ed6b-442e-8c6d-312646928066,1456384134,,1466693877
418699185373604,3809d236-1ab6-46c0-97d7-95cb403b010b,1456385795,,1461148076
333031767687594,,1456388230,,1457078932
286912408863150,,1456389641,,1459317045
606032772103025,,1456393216,,1456850945
429720071455168,09cb71b9-389f-4596-9f43-7b79a45885ed,1456399618,,1459758691
714961732664220,74d17125-b47a-4e41-9c28-37fe7208975d,1456412006,,1466535137
701844902542241,b448325b-1d19-4bde-a0c1-ddd838b2dd24,1456413257,,1460202457
802647784979365,,1456413826,,1457618467
357452951732755,,1456422182,,1457018372
831810612919265,,1456427761,,1458244256
600938940890084,,1456428368,,1457504389
563985042275338,c3d13874-885c-45b1-9721-b5f230d23955,1456436106,,1460227231
638159127477292,,1456444648,,1458263088
595690490854503,c2c7ba8e-a845-4c8d-ac5b-49c5adbcf8f1,1456454312,,1468332037
584076899286121,b2128511-7890-4892-b386-9897ae02b7d9,1456454420,,1460118530
769705385819260,,1456457455,,1458649672
815652945951882,,1456459330,,1457632756
570126845508768,b44c197a-6cb6-438d-b042-83dcac628ee3,1456461670,,1462856167
492649932276482,38757767-172c-40fd-bbbd-51b1948b046b,1456469723,,1465785474
378455341810470,3bcd1a4d-efb4-422d-9ccb-339c15492c61,1456487360,,1460455615
524192172098357,,1456492329,,1457549336
656481457962247,a3c143bd-6868-470f-91d6-abc3dbfa2b42,1456495615,1467148820,1468373922
486250431005515,86015862-d165-4c0e-890c-72ce71dd71a6,1456497617,,1459812357
699860627651866,,1456501447,,1458178623
501119607784303,bb5dc01c-1903-430c-ae4f-9330d17371a0,1456505446,,1461070208
695737459047721,,1456506018,,1458682700
330025290580925,,1456520904,,1457517992
565110323707245,b12b5025-d43f-489f-bdec-619428870f81,1456521059,,1462961919
605440066616686,,1456521629,,1458338446
817147594571135,9a4d95b1-c0c7-4907-a11f-96fccd85453d,1456524712,,1467099387
534104956617685,e27fc357-cb85-4be6-994e-b8ec62aaa34b,1456525103,,1468298862
299866030228444,45ebd848-02e4-4cab-8526-0ce395d8478d,1456526169,1465949312,1467908259
405745564009439,f25dd001-7fa6-4d5c-bde7-50d2beee7657,1456526747,,1463234516
699688828960154,,1456527513,,1457221389
707995295710643,,1456531206,,1457659473
825694579490231,023a0a8d-f523-4502-9eda-59ec16ca9594,1456532420,,1464463190
368688586179593,4a4c5378-24d8-4943-b7bd-dc4f8c3edafc,1456534102,1467174614,1468290515
427503868331027,,1456535735,,1457135874
344679718994974,,1456537105,,1457201036
602459359313372,,1456541408,,1457452386
325438265508912,418db0f2-56dc-409c-b44b-4f826374fba5,1456545133,1463468605,1468359139
418828034393142,,1456546404,,1457241367
682079463046634,,1456547894,,1457188162
407145723348047,,1456551559,,1457654788
662460052438543,,1456552514,,1457638261
658139315338794,,1456556820,,1457594100
518668844156031,,1456557173,,1457200405
604744281914932,,1456557841,,1457442427
710357527723586,712bcebd-c3cd-4557-af11-2946c1c3903d,1456560696,,1462032041
698451878379113,,1456565697,,1457661744
287977560753328,eb830587-8e25-4ac8-a8e2-a81be6950624,1456566310,,1465562091
775941678333548,,1456566336,,1457859618
466167163929800,078dad0c-7ed4-460d-9259-1afce5e53108,1456574449,1462905303,1468353570
558998587065587,,1456581246,,1457134022
653526520463030,,1456583739,,1459675829
577041742855863,,1456583814,,1458432111
669254690700987,,1456584052,,1458091077
783552360382151,,1456585607,,1458001094
365398641231133,acf5d6dc-a66f-4670-8839-795e5aa325e3,1456586022,,1461613068
474095673558314,d485f0fd-8737-4528-aee1-4b1dce6cdff1,1456586891,1461729581,1465764793
771990308421335,,1456586906,,1459086556
481697765672238,72d7da80-51b5-4a69-8bd5-2b813768b92a,1456587358,,1461949671
508369512580402,3674c799-9fb5-41a2-89c2-b8cc18e00a5e,1456587465,,1467292802
660759245389536,,1456587859,,1458064633
611513150373604,,1456588100,,1457555885
440027992966465,2e286448-f33f-4174-8f94-2b56e264e893,1456588393,,1460522985
746804620197610,629bf592-e465-4d5c-b85b-051e5d50d72f,1456588479,,1461144041
528624578348358,7ed0bf34-b676-4a6c-8a78-e5c41608b567,1456588812,1463699545,1467066534
650167856037617,92aae1e2-822e-40af-ab64-890eb29a9268,1456589027,,1467653476
358870290941268,,1456589783,,1458512151
282574491895132,,1456590000,,1459428678
529844349060450,b2071f06-36d1-4e46-9eda-a5ee746140d2,1456590251,1461916318,1468362091
832807045332764,,1456591162,,1458320685
422452986791281,,1456591196,,1459523787
550984178091391,,1456591565,,1459395306
687860489027370,,1456592273,,1458548842
442364455175562,1f459025-68ae-4438-9a5a-c9471c04816f,1456592449,,1465304887
507106792195476,1faa0469-5a21-4fac-9e98-ce669b4973b2,1456592902,1466303557,1468124310
616881859493686,bfde78c8-708b-44db-b277-3a97a4e2aaa7,1456593242,,1462074613
789926091849530,,1456593419,,1457580340
721825090404167,,1456594090,,1457473546
673472348585806,aef78512-8960-4c1a-9f84-e49510f3b624,1456594623,,1468347667
344808568014266,52b9a42b-d740-44ee-b59a-82a539ba957c,1456594958,,1467295127
607527420723032,,1456595333,,1457123775
687826129289072,15e01bdd-778f-4ad8-934c-0ccd13a95619,1456596413,,1462356350
433688621237722,,1456596692,,1457891680
638399645646711,e4048897-24ec-4245-9ba5-b532d44f5fe3,1456596757,,1460916064
558612040009185,15de4ecf-cfb9-409d-9494-99293ebae5f2,1456597225,,1463933207
591026156371841,879ce658-7965-4632-90fc-af3641686789,1456597793,,1468364571
475573142308362,,1456599721,,1458233702
492873270576651,b18d3e39-0be9-4eb5-9567-118b2af91824,1456599802,1466210507,1467416320
350228816741920,,1456600832,,1458778556
672965542444983,bdd04bfd-d2a2-4bed-bebe-3b581c857f7a,1456601294,,1462495684
350916011509291,,1456601409,,1457113596
793525274443710,,1456601662,,1458192026
702557867114440,acddca48-9d01-4b71-9243-afcdf27a7724,1456602593,,1466627445
422916843259455,,1456603178,,1459473182
628169033547748,b938e996-a078-4776-aa0b-6d6cadc6d90d,1456605315,,1460588289
791240351842279,bbb85c80-cbe0-415f-b579-3df2ceb3264d,1456605680,1468083632,1468369440
536716296734316,ce11d9f9-8076-4cb4-a774-a52448dac95c,1456606761,1466021253,1467680005
786395628732433,94bbfac0-f2a5-49fb-b855-e3f45723a1f3,1456609259,,1468377054
372021480801942,,1456610716,,1457455889
428285552379555,6d2bab57-8a47-42f2-a859-fcb992895d2b,1456611895,1466765270,1468353850
387406053656256,,1456614706,,1457605644
709824951779496,8b5ae2b3-04c1-40cb-bb88-e713848c6947,1456624571,,1460688596
615636318978217,4e653ae2-f667-4c2e-86dc-17034d6d1d98,1456624608,,1461940582
551439444625235,,1456626955,,1457910434
390309451548504,8c894831-7b4f-49d7-9533-5ee88b0d410a,1456627408,,1459983568
525205784381275,c875d452-b711-4543-9082-046b6791e5d6,1456627544,,1460208258
565677259391194,d06fb327-6b34-43cc-9ce4-02674d51ef88,1456627616,,1464382741
662691980673246,,1456627753,,1457257826
512338062362467,,1456628277,,1457911555
690617858031848,3bc2aaff-a870-45e5-b449-0f28b99285f8,1456628400,1465145080,1467374970
647599465595115,,1456628597,,1457033669
696295804797177,,1456629638,,1457359630
653208692883708,045f3e51-a4f2-4f2b-9134-ad2b4f197af2,1456629914,,1459849191
487401482241938,73d2a856-84a8-4d12-a015-5f87063f0baa,1456630503,,1468252210
731497356755209,,1456630596,,1457424860
814330096025883,,1456631147,,1457028438
340324622157743,0ded720b-4663-4c88-9ccd-d9690e84ec0a,1456631639,,1466598375
773124179788069,30f2d724-e0bd-4f43-b9a1-f2d1468aa11b,1456631935,1468040303,1468372481
654093456146726,b093878d-2416-4c4d-887e-86a455843884,1456631960,,1461041079
580683875123497,,1456632092,,1457525220
547900391573453,,1456633326,,1458405973
547204606871515,7e9f9c43-5e75-4091-a1e5-d5928436eb44,1456633898,,1460696149
427271940098013,ee85e225-61fa-4ab8-aa04-d821ea2c0c77,1456633935,,1466121727
286319703377904,4a379276-8781-4985-a14e-6d6efa57777d,1456634999,,1462078587
606187390927207,,1456635957,,1458080065
745120993018223,1358e164-fa8d-4807-b246-34f928e59793,1456636591,,1465616616
395669570734096,,1456637388,,1459721638
810576294609294,,1456638360,,1457219043
585236540457365,,1456639682,,1459182433
406518658123832,d1d6a2c6-3a74-485c-b35a-b444bbd040ae,1456643652,1466389333,1468288799
748943513911722,95684a77-bcb5-487f-9bcc-c1e16d9ada53,1456643873,,1461527791
708880058974641,,1456648174,,1457082581
663550974132664,c7c5b3d4-0ddf-4603-8cd0-949547112507,1456650021,,1462907783
734667042619838,37c17f12-958c-4bfd-b466-c99182667009,1456652471,,1465408659
657306091684307,731ee5be-4c33-4a96-aa51-1492cc2f0b58,1456664994,,1465037974
489617685366897,,1456669042,,1458494279
412952519133315,,1456673482,,1457489654
589479968145927,05051272-5bb5-454b-bd9e-a2293939ab95,1456680548,,1461414538
808514710307336,,1456681009,,1457320039
622869043905040,3e7a2cbd-a71b-46a4-a374-96226ad82e6a,1456682465,1465760306,1468350152
463581593618636,,1456696792,,1458239270
339053311838417,0b50419f-53db-4515-a6f0-7e0df195cf9e,1456698314,,1464082245
745619209224818,,1456728364,,1459583030
451091828721935,,1456731700,,1458583302
546697800730900,7656d8c1-0612-4230-824e-1f2ed3f56313,1456735813,,1460657958
649111294083707,,1456740337,,1457216007
644842096591498,,1456750556,,1459173626
591971049177741,ccff4518-e87b-4215-9ba8-794117e83155,1456753734,1466580543,1467087446
568125390750366,cb091406-d7f9-4cb9-9aed-6c69b5c65463,1456770126,,1468333635
454141255502151,25bbec54-913b-4739-85e1-f41afbd9bd05,1456782572,,1461423892
285065572927820,cd09e33b-365d-4ef3-8356-229e6a038b54,1456783554,,1460214913
712290263007921,8cfaf7912b960b8e,1456787014,,1464157860
613256907096779,d6142105-eb0d-4ba8-948a-c07b102654ac,1456800812,,1464911570
706784114934524,31b8e653-4ccc-470f-927a-efb5915eeaec,1456856160,1468160361,1468374316
406441348712856,,1456869106,,1457249608
665896026276648,,1456883677,,1457382174
506428187363773,8478c637-a0f7-4af2-aee5-c53784166ecb,1456889223,,1468298933
585004612223801,,1456897140,,1457198318
413390605797830,,1456900888,,1457201314
808231242486115,6bdb3264-3d80-4666-879f-3efe8abb9e1e,1456907431,1466748267,1468256424
678712208707947,883a6966-8d71-495a-b679-025dac189eea,1456919406,,1462811195
651155698536822,b74733cb-b198-4ed1-a211-d956ec91a96a,1456945163,1467500501,1468376513
706921553908123,,1.457008995e+09,,1457014407
572274329178524,,1457009587,,1459596178
461176411963192,,1.45701018e+09,,1458733362
830290194518433,8f21ce70-6153-4c4f-9900-894dae51549b,1457021644,,1468375876
520421190844269,c8a6c94cb370dab3,1.457094996e+09,,1467815254
679055806091816,,1457223227,,1457225553
448093941579722,,1.457225135e+09,,1457325187
833889377112651,0ffb1e57-6fc8-4de4-a78e-9f6c3394034c,1457279152,1468381709,1468381818
652908045193805,0ae15a41-7a25-46aa-abe4-7fa841c4366f,1457282789,,1467676332
671831671099989,,1457291819,,1458158859
575950821184097,,1457306044,,1457323719
681684326077031,,1457312366,,1458790991
788474392924778,a40060c9-9ebf-4151-b428-73e47858b138,1457315443,,1466059672
790080710693519,,1.457395852e+09,,1458775755
314812516450360,,1457403999,,1459564165
512527040954434,,1457430683,,1458717322
514880683032644,c1552112-fdaa-4f69-a232-0c31c30bac08,1457440179,,1468362211
342600954855527,f4d0fc51-8b34-4501-bda4-be96b96f4d62,1457493266,,1468277881
486551078748326,da09f102-f172-49ee-9c01-bf8be5dfaa76,1457713563,1465807202,1466331638
523762675400883,97a5ab42-6c62-46cd-a153-94623266b271,1457738785,,1465645604
592546574816005,,1457788512,,1458042292
334071149805837,,1458101527,,1458174101
843054837352735,15a28427-ac1a-46fe-a10e-e15007c2999f,1458341166,,1462576581
394123382568771,653580f3-82ed-493e-9e18-61e53e854d9e,1458401472,1461797841,1468184097
372399437985605,f7e64c0a-9a31-4240-9248-c95c1fecbd1d,1458401956,1465967869,1468360493
480761462863714,713fc762-c5e9-410d-bea6-66b6c27e01b3,1458408428,,1460333938
811701576092121,6fbd7f5a-78ec-4f6c-8ad0-b7792a259003,1458419800,1464318334,1468065023
653097023785442,ffc40b31-0f16-4562-88dd-21ea935c5adc,1458422200,,1462415379
793087187831324,fcd553c3-9184-4f8c-8b77-396e79015056,1458438309,,1467625166
510456866748478,fa02d6b6-13f8-439f-95a9-37b51bbdeea2,1458484081,,1460676890
387844140382370,5a74499b-4945-406c-b5b8-f2621bfb8186,1458595949,,1462727599
493672134555817,bd76010d-bdfe-4d33-afa5-a431cf98c541,1458604886,1466481375,1468378024
310405880035529,68eedddb-8a22-49d2-9e52-bac397f595cd,1458770362,1465092235,1467078709
551611243378894,52c2f0df-622f-45f3-9773-0ea97cf84800,1458779384,1465790321,1468323817
793405015411512,59d6ca54-a5f8-4fc0-87b1-d102a8fdd878,1459037936,,1463089111
495338581866788,be045fc8-ef02-4580-a65d-671f9fd5c5de,1459179736,,1466713428
382329402374443,,1459208777,,1459606307
546225354389812,,1459271989,,1459275484
729332693299844,,1459386988,,1459437347
754346582831756,38f367e9-bb63-46b6-b595-98b00aa9152d,1459432454,,1460119745
485881063891064,dc34f9d3-8814-45c8-b471-3a98a805774f,1459604564,,1459998857
566192655528616,72446cdf-af69-42ff-89bc-93d25a993ce6,1459618477,,1460785066
320232765218948,d1efe3fb-6b63-4f7b-8743-0294ff13bdb2,1459682645,1466990040,1468367996
680378656060095,6e58f133-0d3a-4670-a8ef-6bffc42d1c1c,1459709540,1461474101,1468036460
538219535360144,e6cfc892-629b-4eae-affa-3994730eb1b9,1459803337,,1459810671
673867485639372,22a0f5a5-db95-4f57-8d63-316a24265ce6,1459813070,1463004457,1468330583
637910019437261,648beb43-a368-43d4-b617-01da48f22d20,1459817542,1461338742,1463426377
531691185070273,64fd87be-6b01-4a1d-bb7f-6c2700b94434,1459888393,,1461455256
433302074253532,2eee7b29-1d19-4108-b2cc-b208074a054e,1459907058,,1462466212
792056395690813,60fd5396-42f5-4b06-b817-b469cb56d612,1460008476,1463304623,1463672628
789041328649037,62419e62-ee13-4128-86fa-960a78dfeb73,1460079923,,1462736020
696338754532184,dfcaf82c-1dd4-4eeb-926a-77b5dee1437a,1460153022,1462083974,1465059307
721223795045228,86b28314-68cb-4089-9f74-ac522c9c35ec,1460236966,1464270112,1468239854
832454858077067,b125044f-4fa9-4bec-b2b2-93ff31156c99,1460431345,,1465442724
837935236346767,be215a0f-5567-41c4-90bf-580b4f519832,1460438945,1463143313,1466840705
410865165099359,b5632d3e-c820-46a8-a6d8-2b1b66c97589,1460483233,,1462062710
580855673877401,2c5c724e-0051-4989-8331-a393d954ed9a,1460492733,,1468098289
523273049170306,e73580e4-3323-4221-85de-a63f871e2cd5,1460661696,1466449141,1468367990
691880578479035,65fd4c5e-4d1a-48ff-9059-7e918cbf7cf6,1460693438,,1460731116
456331688914860,0d630502-63d6-41f7-965a-bd048f46ab14,1460738806,,1467272213
734641272888035,1d85176e-347b-4fb8-8801-36125a4c07d3,1460766748,,1461200619
449923597709254,f3300e57-8f46-41f5-9004-c94f3fec36e5,1460841090,,1461198804
553982065356745,fa30ef26-0745-4d37-a01a-795546adedf9,1460842055,1462368434,1464561714
779248803224350,56bf3001-cf1c-46e3-a1b6-f18c1d4c4925,1460895966,1462302971,1464665280
805748751440698,e54ba1e1-6e0d-48a9-95f5-fc602f806287,1460930095,,1461602798
586421951503166,85533aff-5050-4f5b-a690-3c79d1df0d5a,1460931108,,1461102883
406707636776972,cff2aad6-0883-4edd-8f35-a71478ef8136,1460931385,,1461962619
817869149150018,bb15610f-b553-49c0-81d3-f8d231176b00,1460932197,1461246109,1461538973
671831671151431,6b0e5b8f-3026-44f8-8311-98a489fb71d1,1460932661,1464750483,1467076860
786000491813711,21ab1dad-0857-4703-a787-1d7cecfb893f,1460934335,1462322928,1466354379
618376508185431,7d91bb37-f63e-4444-ad50-d42526502bc5,1460936210,1461376008,1464843251
440363000508446,e6b0c5bd-eea8-4f1e-8e66-965358f1dcdb,1460936496,,1461083623
637265774353278,,1460943022,,1460945532
295931840278619,1c0c7686-b1cc-4c6d-aeef-f7a30dfb4abd,1460950634,1463100840,1463704550
675327774530477,aae200f1-bdf8-4b99-bcef-6e20f9fc1f24,1460954545,1461201758,1464823812
496008596795502,b9d2a78b-97c4-4724-91dc-aa8b8e74d30d,1460960275,,1461190484
575856331955130,d2283efe-7464-4c50-b6e3-a94760517c1a,1460964557,1461972920,1467255607
608781551246278,b3a1833e-401a-45d7-83cf-14c85fbd7049,1460979255,,1462789501
556808153837698,c0b942f6-98bc-421f-b83a-332d762b1a18,1460982328,1465800024,1468357813
525807079895176,e457e6b3-6d2e-4f4d-8aa6-64f9a1898493,1460985772,1461113384,1468381783
462920168747147,2acb7ac7-40e1-4e53-ba02-25d1aef3ac4f,1460987967,,1461629377
527731225243796,2aa6d594-f189-4258-ae54-4cd9d9aca5a3,1460991821,1462879387,1468277947
750335083387866,4559f82f-ed0f-4a11-9c3d-f88c8fea540c,1460996276,1461861174,1468379313
337696102265004,9efe2628-d2af-4962-97b2-8c06347e00e5,1461000059,1462104673,1463930995
354051337728177,52d718c8-15b7-4e58-b48d-f730097ca5c3,1461003017,1465951231,1468377731
562881237594290,e2674990-32ea-42aa-aef6-789921f77313,1461003099,,1461382833
502880544469171,97fadf5f-3c31-42ac-95a9-ad1aecce1a2b,1461003141,1461950332,1462842301
397001010688180,640355a6-549c-456d-99ee-7b07d1b8be3f,1461004646,1464032212,1465234909
410049121333438,62fdca6c-4de0-4dc2-8bb8-087d69575a4a,1461006536,1464110471,1464235562
417771472531647,a9aa976e-9c67-4c5e-b2dc-6eaff5d40d92,1461007272,1463377594,1465703277
624252023446521,d6e97b01-05fe-400e-b027-322d222126e3,1461008574,1463715030,1467660366
413038418571465,edaafd8d-7709-4660-9e83-73895fe4f26e,1461009861,1462907492,1463892637
315980747616464,10b2d43a-93de-43a3-b6f5-2e2b26b3f33a,1461012152,1461162171,1461325549
467172186370258,75c1b6e1-7518-425b-9291-1281ed606f82,1461013103,1461168419,1464203019
525489252315348,e35e84ef-ae8c-41f0-9648-15cfb4de1fb9,1461013714,1461210142,1461451256
672819513629708,3dbf3269-66b1-4c49-a3e8-1ef2ccfa0afb,1461013790,,1462873864
424359952363735,bfa4c0c4-391f-413d-8b22-30363797d804,1461014001,,1461439806
731969803230223,49ce7c70-e7de-4c2d-9ef9-6087f8816b9e,1461014001,1461114995,1461448327
303877529776345,96f47e6a-12ca-49f3-8d2c-aea4c421f493,1461014818,,1461648419
297392129159388,5dd777d0-cdd9-4c5a-af78-32d88b02221d,1461015525,1461871502,1466388341
484498084442355,75ef0cbf-9bc0-4666-8307-22c9d2a3362f,1461020577,1461440274,1462228360
789745703296042,b26db831-87f2-4073-87be-93797280020a,1461021007,,1461210924
456056811008249,7cb2a52e-f63d-407c-a640-2985f4f6fae2,1461021457,,1461879380
527550836617466,f039bec0-51eb-47eb-9a14-9723e143b959,1461021668,1461304341,1466496828
475641861878020,7d32a222-2d85-4aa6-ba4c-b3ce2ab4187b,1461023375,,1461773275
697936482376758,bed434a7-536a-4f6c-aedc-5bc8a968e6c5,1461023825,,1463062489
672475916246075,ac82a569-6621-4b74-85e2-90dc4c1b0beb,1461025225,1461427578,1462852884
350873061929231,fe2d99e8-5d0d-4ff6-88f0-2996e39b9183,1461025735,1461110710,1462776496
746753080663109,332f89d4-ed4d-40ff-a648-aae3c6f01217,1461027409,1468024015,1468363322
368001391505688,8205c004-2c0c-4ff0-8295-ba670be70b7c,1461029141,1461848908,1463353489
827953732361299,5ac6fc81-4699-46a0-b999-466b905fd5a3,1461029500,,1463017162
661197332126808,bb66f6e1-a010-4a22-9563-786bf64053f8,1461030374,1462040016,1462040250
650597352840287,0e7db05e-8c5f-4578-9d98-9a73de7b4f88,1461030812,1461202996,1463017741
607974097394789,421bc64e-1f82-4397-a805-1d0c4d9463d1,1461032497,,1465785560
440139662209327,5ec8a33a-9461-4ef3-afe6-0696adfdcf2a,1461035735,1462292576,1464143402
606737146813548,1557058a-22f7-431b-99f2-733a5dbcb5aa,1461035892,1461519074,1461519328
478098583171388,52ea683f-f160-4a6f-ac7b-a19b90cbbd67,1461040704,1461196418,1468329315
470436361515329,0176b6ce-61d1-44d8-96da-440974198c2b,1461041286,1466390406,1467992040
495355761766726,cffdac8f-8f28-4867-bb51-d177a0fc57cd,1461043402,,1461048106
728164462206083,5d2d91a5-b8dd-4ee2-95cd-9d419cd81935,1461044030,1463614821,1467435314
569319391730824,9abee862-7472-42a9-98c0-64b7ac6d834b,1461044804,1461776853,1463125128
737467361369225,c0c7e6b6-1e89-43ed-8211-ee494bb52e32,1461045042,1461137297,1462562579
513832711074123,ffd6094c-b258-439e-b9e3-85c398415409,1461047298,1461403367,1468274137
782384129350800,2f687f40-3e67-4214-9215-f60db02c5181,1461048630,1461210467,1468291583
535513705984334,bc5bb793-f7ad-44c0-a059-f94e4b686035,1461048866,,1462333941
808076623715474,785459f1-0874-4eae-8354-b9f9b7d961c8,1461048929,1461218076,1462396537
304968451469647,8835d5de-346c-486e-9669-b1cbe3c7aa2b,1461049668,,1464282593
791867417140371,E23D8ED9-30DC-4E50-8525-A68B83DB2F80,1461050473,,1461056760
307450942566739,bf4d6a5b-7302-46d5-9844-3c8f30e76863,1461051050,1461773383,1467098750
643768354839705,5cfe64d8-3824-4ba2-9041-81b4d27705e1,1461058219,1464253680,1468366547
495063703990625,dc8c0183-d835-48be-a967-89c89aa5c435,1461066514,1467494772,1468185816
338494966182243,18693b88-ffca-4de1-ac1e-3bab1988f288,1461068313,1461117744,1462219827
596068448050343,85e74928-2412-4c6c-97f1-dd9bf0c17602,1461068884,1461238823,1463836503
460953073725803,0cbec913-e022-4e78-ab6d-4f506d443726,1461072808,1461893066,1463754331
804365771971763,1f0eec44-b813-427a-8abf-4fa3a8b43ea7,1461073038,1462287504,1464033568
637849889905844,56db33ca-50e3-4571-be35-3ef3eb3ef076,1461073319,1461925892,1463142121
555287735415155,891ce5db-f32b-4661-a029-5fab2ee9ea95,1461076033,,1464331522
618385098120381,334b6fc0-3c76-40c2-9fbe-f1c8685754dc,1461076659,,1461800250
426430126600585,e0032784-ceae-46fa-95c6-270c7b0f567d,1461082546,1464189816,1464190640
545632648933776,e3bdc702-16b5-41ec-97b8-580bdba1c29b,1461084392,1464755356,1468307213
498576987238801,,1461084759,,1462247793
677638466936030,ccae4813-2bc9-4223-9328-06b7d3007aef,1461085186,,1463761439
563461056339169,,1461085242,,1461523066
815360888249571,ee518276-48c9-4dc4-98ba-fc0a4ef635ae,1461085983,,1464284115
540744976150939,45da551d-abc7-4a00-a0e4-4c5e352e6029,1461088324,1461168146,1461170267
547299096244639,8fd2cf15-89f2-42c9-b844-76d3cf9da906,1461089302,,1467024675
407016874422702,cfcbc13e-ebad-4ff6-ac0b-ebc8a5075060,1461094607,,1461464588
671007037431032,8da3f87c-238b-487d-8222-a167a98e595b,1461095730,1461562736,1462695255
460197159481782,54bc8f4b-007a-4b15-9e72-e341af919d55,1461096211,1461360065,1466656895
727236749270274,73924e20-12a2-4e38-b770-9d795e0fe2a3,1461099345,1461873251,1462832344
623058022538501,4d6cd8ec-9e38-4a6b-a807-8e085cccf73c,1461101150,1461217854,1461817398
478656928920003,6d1c6eee-b76b-40ba-9e33-d3cfe2a4cde5,1461102295,1464834659,1466478375
702497737645334,5be9df62-97c4-4632-b272-b704525a9d15,1461107756,1462058114,1463459128
753350150429978,2432f96e-0e5b-43cb-9d95-d28543fc6012,1461108885,1463146804,1468333363
378266363343316,13293055-0c1d-4e4d-8a8a-10e35f28e964,1461109792,1461190363,1461390086
456331688915426,0d630502-63d6-41f7-965a-bd048f46ab14,1461120626,1461483638,1467193366
500836140036591,7ee3ecba-9c8b-4269-81e3-fb8a704b4d41,1461125871,1461131399,1463235932
675198925511987,031ab923-13e1-4ec3-b005-e746f50306a5,1461126076,1461304764,1461371025
483896789021168,0ea2b231-3e8a-412b-a999-9ff61ebfb0ce,1461127516,1461553564,1462279934
300578994893297,32fcd77a-3ba9-49eb-8db0-d1df6af348e1,1461127622,1468023636,1468352722
579464104484150,d0a769b2-146b-4d62-9ee9-50b52f4cd43e,1461128131,1461319921,1462273995
355984073011699,a279a449-0e81-4d0d-9e91-5832573e2484,1461132840,1461134149,1462560064
468546575905276,9a380918-5a36-402e-b26e-3cb36b6129b6,1461144124,1461932601,1463345104
482522399486488,346e5452-e761-4ee8-bed0-d772697e17d0,1461177758,1465634789,1468074177
365888267596316,33c28d48-6e26-44d7-a72b-2493b9dc5afa,1461181675,1461855116,1461861606
625961420430701,7aea4983-7767-416f-b12b-b9524a147b75,1461188496,1465662502,1468379433
843346895150456,,1461198024,,1461643590
571295076687225,ef5fa2fa-b605-4968-9276-360659395579,1461198578,1465133482,1465355201
581156321598844,aeea6828-d76f-4b06-9e36-b129680daad8,1461203107,1465133179,1468008924
685420947676547,9c7c5773-72cd-42d1-8952-76696d27c8d1,1461209397,1461728732,1461730899
386839118116242,eacb4ab9-5bdb-44c6-a371-c692fcee5d55,1461231614,1462116635,1462118233
652289570005223,f2f0b7c0-f560-42ee-9eed-7d3a6c296a45,1461237352,1461283452,1461720663
299513843053982,587ff0c7-2bd9-4558-83d0-2c629d15cd13,1461257054,1461306832,1461435886
667459394494731,ec207b9a-7663-4d57-abf6-ebafd74af2a3,1461293641,1462018815,1464671792
560974272165323,8c3ebec9-8a9e-4add-9170-15bf14136084,1461344496,1464921940,1467261352
550778019804625,618619b1-2a69-47df-8044-2f2afc5d6d5b,1461356246,1461368213,1461549254
389785465681370,79fe6c6f-48ae-4660-a1f6-1f02fd0c0848,1461376811,1465873671,1466686578
608283335090484,8e0dbd32-4675-456e-9e40-9c46346a4e9c,1461378827,1463111560,1468381062
760960832528707,751aeec4-56c8-4769-abaf-334bd52739ab,1461396115,1466479450,1467588844
452543527810543,1f36f0b1-dcde-4056-85ad-218db6d1ed41,1461407582,1461560328,1462240014
415074233120244,72d601e2-9f74-4a1b-ade1-1f0db42e6a62,1461410028,1462444028,1465695741
522276616828407,c2f743e7-68ff-4cdc-a5d2-bc0d474a948a,1461412656,1463704880,1468382354
542454373185017,c9ffa319-8705-480d-916c-a5bca8daf522,1461413171,1468069995,1468382870
402730497111555,704e7344-7676-4830-9f7d-28ca77646f92,1461416258,1464663376,1466815936
362460883744262,49196c3f-d347-4fde-abcd-ac9893bdc13f,1461418017,1461823143,1464341828
306669258569223,2abb9b7a-23d7-4f5d-905c-9bdc7d89ef86,1461418252,1461424024,1468373444
790956884123994,0cdd88fc-030e-4612-bf6d-46a82787e60c,1461420550,1462915131,1463950534
492727241831951,73626a51-9d41-434a-8af8-813f6b25c951,1461422065,1465984792,1466429945
543055668606484,5802e55d-7b3d-4978-9d38-951006700d0e,1461424744,1461541493,1463887526
656180810375520,226d4e78-f15d-458f-9e64-db95b59bd1c0,1461425483,1462891025,1468383006
614124490613089,4a086be3-81eb-4638-97d5-32e86b034163,1461425505,1467649391,1468344669
645177104163170,6a984eb0-8651-4de8-ad7f-3912f416fa59,1461426797,,1464043346
559857580668449,6a2d41f1-be01-48f7-abab-464a83feeba9,1461438232,1461516667,1464241273
601050610164083,74ef95bf-6ff2-4dff-9f54-633f669beb23,1461445177,1461445544,1463134991
806659284558199,91d58ab2-e50c-414b-b5b7-7fdd6bd90cb6,1461448453,1467585531,1468369923
341398364124734,15ff7a7c-2912-4cec-a06c-d358cc901c1c,1461465075,1461993597,1464414869
515920065230400,66f1fc3a-7471-4a43-be0d-b6c97489843a,1461466247,1465835348,1467454837
606290470265228,44b7eb0f-d288-48f8-a479-9b39e3a48604,1461483516,1461845544,1464088642
342661084509777,073bc1f6-4fc9-42e9-b7e3-359856e077d0,1461484228,1465866586,1468379017
340049744393815,a92054eb-378f-4ce6-bed7-2cf413a24f3c,1461502970,1461520972,1462222806
457585819416159,25a2983e-29ff-4d51-bee4-ef494778983c,1461513267,1461751190,1464125493
608360644501940,aaa48c07-8276-48e9-9f1e-d72eb4f8c808,1461534591,1468374776,1468382714
360347759834740,096af11a-b486-4b8a-9329-3dd241881e82,1461545846,1462351352,1463123583
320559182804608,13b777c9-8176-42e8-a005-24766a864cc5,1461562734,1461566923,1461698942
388462615784382,45e6a5b6-ef83-438f-a079-adf5581e3f79,1461599986,1462855865,1464309519
364470928468927,aabc5005-14a2-4d67-98ec-75a76773e97f,1461602982,1461768906,1463596161
617319946311431,b12ea2cd-118e-4be4-a365-9c480ce3664b,1461626883,1467562428,1468380836
436987156294605,8a833c50-5958-40b8-bd35-cab88930f4e8,1461640045,1461645701,1462083623
294136544029647,871e7ca8-6358-4e62-bbc9-625eeea74c3d,1461646076,1461686805,1462194212
621838251906844,de19c528-004b-4341-b7f1-89ce6a0a451b,1461684795,1466902221,1468378110
813239174485789,3a2ed9de-3d24-4205-9d23-99f0e062e6bf,1461687411,1461961197,1463560472
842324693014309,4a3ca475-be90-4906-b825-7202d9093642,1461698486,1467736523,1468347638
821116144506670,ec891f12-e919-4b36-8d17-80fc3b5e5b10,1461708312,1462230083,1462648153
597150779889485,b0a3ff90-5f5a-4d42-801f-c284dd02c1e7,1461771035,1461771765,1461828407
594170072586066,d3d4d24e-fa85-413e-a902-a6867408216b,1461778233,1464086731,1467563327
340651039875412,e22d4ee9-4d44-4e4c-a026-2851a353cd28,1461851475,1464733811,1468368265
283562334576981,09c7c11f-06a8-42c0-a053-6d7771df11db,1461853936,1462098778,1465851255
413991901421917,7fb5162d-bb2d-43a4-ba25-09a4f6241360,1461866667,1461949066,1464353688
751340105835942,797726d9-1b6b-4e9e-b150-52fe76b14cdf,1461882545,1461885742,1462089329
596678333506990,efa33d13-83fd-4e43-8ad6-ffd6d04e1c0b,1461889746,1461949865,1462248189
376891973919110,a7a87e09-fb24-4e15-8692-035d9b85e9c2,1461953871,1462036641,1468381663
570126845683166,f9e95156-03f3-4308-a11c-eae6bd688930,1461974356,1463622600,1465587231
427271940301205,ee85e225-61fa-4ab8-aa04-d821ea2c0c77,1461978199,,1468256790
726463655257567,c82253d059bd0b93,1461978316,1468005486,1468356742
629543423256037,79ab2350-fba1-4674-8f4b-03f8aae36c9b,1461992990,1465269249,1468267224
360966235185583,9831b049-6f8e-49ae-a7f7-7390e821fb0b,1462045149,,1462045149
828168480826887,bd46a5f9-602b-4fae-8354-f0c7801595b1,1462050020,,1466176294
785854463026696,333e79f4-32fc-4234-b867-c23829fd7023,1462051140,1468096891,1468294075
801161726469644,7a74ef39-1fd0-452a-87cf-d9f114cd819e,1462060225,1464852265,1468352569
833004614002225,f1c26140-74dd-4b2f-a54f-35f04314a798,1462109767,,1462109767
399002465559012,f99c7bce-497e-41d7-b7a7-2bfb86318f87,1462126976,1467993884,1468357512
649429121836633,9524c9d0-bf38-43c9-846b-964b4c7b3b79,1462146373,,1466970969
802536116004458,d76a48a2-93f1-40e2-b50a-2d53fe5389ef,1462177816,,1462177816
309005720838687,9f44f97a-4a4b-4ddb-ba0a-5c25d23cbd16,1462211643,,1462211643
333426904883758,64f56359-d28f-4a72-a798-5bce4ab82b5f,1462234647,1462315823,1465439747
772866481923750,c691a943-63ef-4b55-a72b-e307cc1c763e,1462300573,1462305378,1464227185
369779508077167,f99be43b-6987-49cb-a2e5-dba0c8d825ad,1462451807,1465086971,1465576845
338288807862896,bf908fbc-8261-4d87-a567-ba314c786052,1462456478,1464478403,1467422847
679983519180516,62fcf616-833f-436a-9294-fd411f52170b,1462474684,1463456656,1465111626
749029413431028,386d0f10-8624-422b-b27a-47a6bf7c2a05,1462509157,1467200301,1468308956
769971673966340,d21b9680-c152-4dfe-9586-f3b060955eb2,1462563279,1463425620,1465586686
564027992123165,7b0b9bd5-724d-4493-b613-4378086a1a28,1462646460,1463697047,1463860306
408039076750018,f055f23d-d84f-4f1a-a536-6cca86d1151f,1462731804,1466264213,1466711507
779978947766072,9ac25909-6c0d-41c3-8bcf-3778883c1aa7,1462741160,,1464868744
385378829296326,45401fc5-55a3-4aac-8533-321eec5bb2bc,1462745641,,1463608267
482865996980989,ca0a69f0-cbf9-49b2-8488-5e79e14d65d4,1462908672,1462919328,1463507496
520824917943039,e20fc3c1-f0fe-4aa4-9d7e-06a9b059d082,1462909791,1464422395,1467476927
302537500101160,41a30910-5b07-4205-9390-dc87803e2315,1462986999,1464328972,1468361999
512449731725866,38ea6ab5-2184-4017-b444-dccecb3e73d1,1462988357,1465407138,1468192411
651576605495058,3fd071b0-a7db-4dc2-9584-b9e10fc3cab5,1463348674,1463631778,1464054554
547977701198491,53098aa7-aec1-4777-9237-dc21c63c7afd,1463364772,,1468382209
331339550788252,5c0cd2d776c20086,1463364778,,1467194943
555261965732510,bbe2b4797a1986c6,1463365777,,1464143538
456331689036447,0d630502-63d6-41f7-965a-bd048f46ab14,1463365904,1463505246,1468334538
650803511381781,71a491894f4f5d65,1463368658,,1466051716
564311459974936,af03281c-f78f-498c-a8e2-490af409e4c5,1463369523,1463371156,1463382402
380989372730042,5f07ac99-9198-4ad9-a5c2-54cf3b235ecd,1463406101,1464419852,1464521594
843776391991127,cc673707-73a8-4f94-8b86-3920a829da76,1463432775,1463441244,1463679498
830822770626407,5c9e2d74-e9be-446a-9cfa-047410b3f26e,1463435830,1463605994,1465918174
591429883481961,edf8afa2-d38e-4187-af3f-9e2a2954417d,1463435882,1463739568,1465819166
628847638564727,4b0eb92b-18bd-4c43-b577-d8be41bc5274,1463437300,1463519479,1464884270
287917431425813,96c8747a-bf54-44bb-9c7f-7436cc42bda9,1463440225,1464029188,1468340502
843424204672915,bc0d6ad6-fd7c-473c-898c-d4aee56c238c,1463441596,1463454422,1463965437
353931078765365,1f724b99-26e0-4187-be4e-9ae53beff01f,1463444362,1465897251,1467113018
381470409067320,5f177540-9d45-4ff0-bf7a-e18ae38b31a7,1463444933,1463914403,1466803103
441110324939599,ec367ad5-9ed5-4bac-ab75-19044a842cb3,1463448137,1466458338,1468253875
372674316045138,60462ca5-b3ea-42dc-aaf7-7f2846a25bef,1463450632,1463481952,1463510870
602725647470530,87256d17-a0c3-4edd-9ac6-2189c6f5b7fb,1463451631,1465778398,1466698630
774653188329412,a0a85e3e-0453-47c4-b870-477cda24f0f7,1463452255,1463519425,1468313942
654230895284174,ce494fcb-cb44-4dd1-9e24-1078f0076b93,1463454022,1463540363,1464035440
716619590225873,e7a7cbe8-2716-41e4-95c0-8faa04523292,1463454293,1463633487,1465487270
698993044443099,09d01f40-f1b1-474b-a6f1-4cec8ece84a1,1463454796,1464418400,1465713833
349979708853103,75cd2578-04ba-49b2-b0a8-d0874fb0770d,1463455336,1463606043,1464052943
772660323504104,dc122a81-5526-4e9e-aeba-94edd1467619,1463456238,1463665295,1464147415
426412946852729,2a0e111f-bbc2-48a8-a273-28ee16c47569,1463456950,1463459095,1463460842
512810508979074,22d9b1a0-c567-40a8-b50c-15bee22f2bb7,1463459432,1463695472,1464004763
344920237378436,34e3d31f-b58b-4c43-8c83-7d081cd9fe30,1463461709,1466043043,1466193091
365750828764038,31c4fef7-fc92-42df-a472-76237d0c7436,1463461779,1463462909,1463674075
524123452836744,d8d76358-8942-4028-98cb-66a7c271c750,1463462057,1463934032,1464057544
723998344040454,ebf52441-adf9-43b2-907d-e3d79b4e9a50,1463462979,1464406040,1468302828
482376370719642,5ce43ee0-f9ea-46c1-b0ee-6c9304f0a164,1463468478,1465790261,1467355263
837162142355515,43135572-7000-4224-aea6-fd14b76c7517,1463485624,1467477239,1468374276
682869737214019,5e03eacf-1cb6-43a7-9227-fa2d8a42da80,1463490213,1463855038,1466638770
674331342229576,affaef37-f943-4285-a4c4-de76987095ec,1463491393,1466380030,1468330169
291722772450244,43d17792-752c-4b75-b83d-55b1ac86c5b3,1463491882,1463598594,1465761750
647101249572943,3b1f9dde-c705-49bb-87a3-6122376a8175,1463494321,1464485141,1467509657
837342530981977,6b368056-caeb-4477-a1f5-3e2e3ee02d33,1463497778,1464807154,1466246205
733954078232684,84e01931-7cb6-40ed-a0fb-0e3d6516900b,1463503065,1463503765,1465459209
489325627804661,2864b51d-d787-42b3-8752-b6c5e210279b,1463508410,1463515779,1463821033
659170107674754,b2d8c77a-cbe4-4cbc-a137-21cc5b734f8e,1463509703,1464930849,1466982922
540169450654734,19c29d7b-8337-45d5-8016-fd2fda96db9d,1463516228,1464036765,1465997905
293938975575068,ae1060e3-c1c5-414b-93b8-03425fd9fae8,1463520938,1465739541,1467555952
428689279519781,a64fb3cc-d4e0-4b14-af8f-173733e56da3,1463523350,1463866626,1468267013
760076069327020,38e11896-7613-46ec-a638-5aeb1f091be7,1463524310,1465867691,1468376185
665389220319407,622fcc6e-7a61-4f18-b5f0-029e2b77c7e5,1463525557,1466976863,1468328447
541724228815945,a54fd464-3644-4fa7-bc2f-a6ec5545af01,1463536884,1467429147,1468369742
828443358744804,615410c1-e9fd-4b6c-a87e-df945aac54e4,1463539487,1465995237,1468378119
611298402193643,637ba687-4f1d-4113-9098-3e0f54f79a84,1463540632,1464099681,1464752909
374005755907165,bc78a16e-78aa-44c2-bec8-f04846ea4588,1463542486,1463706518,1463724278
481379938307166,ca722ef6-6339-415b-9246-e048ee93a77a,1463543280,1463906186,1465899217
455644494269538,79da0730-510a-4160-bb33-ce2fbdd12c7d,1463544896,1463778183,1463899980
578390362771711,f4255795-4c31-42cd-9038-9cba683b0491,1463546487,1465426516,1468364767
694071011922185,e5a671a2-abd1-4e67-a286-52331e987f27,1463552832,1466384376,1468383084
740147421073687,bbda7c05-f67f-40d0-8d70-d17c40c02b0f,1463570676,1464916599,1466729918
340212953222278,6bc3c6f5-38fb-4e21-8ae6-2ec9f6af789c,1463581235,1463739614,1465210784
363568985377930,d4f8d668-2472-4eb2-b6b9-d59e140acac1,1463583421,1463593573,1464662933
540538817842320,0657f042-4baa-4669-940a-64884d3ef1e4,1463586460,1463587437,1463590211
393711065861267,735e8fcb-b916-4b65-a65f-0416f766d927,1463587732,1463737251,1466156778
598301831156032,593156a2-0bb3-4231-bd19-59875843c48c,1463595995,1468255828,1468348483
557349319838887,6c106d70-6dae-4011-89c9-ba774abe8031,1463600196,1463966313,1464355853
352187322043567,33bc5f7f-f3c4-4d75-8cbf-82819dfe7f86,1463602011,1465949922,1468382082
472326147247286,070e3279-11de-4639-b126-a9a8dcd49f4b,1463605678,1467980458,1468362211
595355483591016,e3f957a3-6be9-441f-a24d-2d236e45b7a4,1463607955,1463608607,1464696124
768812032807273,43db9955-fae2-4325-94c1-f695904d971d,1463608024,1465273650,1468212555
793654123647359,44f5bf80-ab8c-4cc0-83a7-afb41dd936a8,1463614311,1463616570,1464834039
718397706686861,3d24accf-881d-440d-8f66-e234224013e3,1463616214,1466132434,1467090559
718097058976157,78541fc5-47e5-4048-9923-66f56484d291,1463631847,1464056668,1464318889
792889619468705,a23fe1d5-a098-487d-8ed2-6342604a68d1,1463635849,1463776041,1464054573
725484402725283,1c81fe98-6d46-4b96-8d27-c34d7102879f,1463639028,1463644580,1463658096
373679338392833,584fa899-f24c-4a75-8a8d-bec0e55fe495,1463669113,1464296971,1465216975
612999209243071,b5049e55-0b09-4255-bad2-5616c5a819ba,1463690446,1466492509,1468372060
567738843877839,1f9eaf2c-862d-42bf-890a-2237bd2c9792,1463713147,1464542037,1466394172
585219360772561,54eb2b2d-d0b3-4373-bb7b-da9e2567ce23,1463715991,1467599776,1468369108
506926403783975,fb5e2664-c450-4285-a033-91250a392f01,1463724480,1466089579,1468299953
490502448844085,bf64364d-5fb1-4b86-8831-cc8a1b588e36,1463758636,1467178306,1468347002
493672134708556,bd76010d-bdfe-4d33-afa5-a431cf98c541,1463803711,1463842212,1464921971
655527975408146,3d6c7e1d-13d2-4a37-810e-f343df6a0525,1463931775,1464456440,1465035484
503318631255407,ab6fe48e-85e0-431d-b2a0-451d64b18480,1463932980,1467136533,1468346431
473331169594744,83bca9d9-08c7-4bcf-8af3-664997bde164,1463942774,1463943992,1463945862
423870326214026,fcb99685-bdc9-476b-806b-1c6f44a44b4b,1463989043,1464640334,1468338820
771663891092006,1e96e262-f5c0-469e-ad7d-3bfd8cd93970,1464038130,1464039682,1468343412
313506846576024,722c071f-bb69-4de7-ae5c-41cb243d8e57,1464046974,1464051058,1465237380
667854531547717,0008a60c-28ac-4325-89d2-b4bc3daeb61e,1464130281,1466450428,1468363491
336699669974446,28470033-d6dd-49b1-ae8f-387ea48ed4bc,1464135370,1464231502,1464327297
570753910919759,d8335603-762e-47a0-915d-02bdf9825882,1464160873,1464250957,1466057482
507948606000568,0b4a1e72-d3d9-490f-abae-787ac0917b1c,1464169982,1464393237,1467653801
332628040977850,4b5c7edc-670b-4314-ba90-934d1c21ba4f,1464172968,1464438382,1464812498
652538678180201,7ae78162-fdd6-400c-bb92-f855aaa5726e,1464207449,1464216570,1464448927
457680308778192,54bd3739-75ad-43a7-aa0a-0e8adbb231b9,1464209831,1466267621,1466963537
807741616388461,f4d4efe4-6ae6-4b6c-98a7-fb70c5e70647,1464213682,1465291194,1468373307
604933260671350,0f81b655-a693-41d2-9cfb-25596f700541,1464260764,1467998112,1468347933
622954943455391,eabc2ed7-3b2d-4a17-9b6a-ad4119a27f44,1464349230,1464606976,1465419161
679940569538768,ee23398d-cb2b-4882-9173-3db73c0e7ddd,1464447151,1466234197,1468383249
477815115471948,ef816cbe-756b-48d3-9da0-d83dc790c717,1464471683,1466456051,1468361172
614347828994271,4a5e9c81-1835-4699-b834-b48cf47c6380,1464477778,1464479402,1464951000
543407856016474,a3413c89-0b0c-4f14-af01-3898cd69e991,1464515180,1466088089,1467477415
331073262836827,48fa8892-28f6-4a53-9f5a-568450328932,1464517768,1465020586,1466238498
795767247577369,a9c2a95b-8455-4734-806b-c8f8b8baec2e,1464623348,1467406595,1468311444
320060966689946,8c75fb0e-57c2-4c0a-9089-830c7020776e,1464664059,1465916199,1466290847
624157534298423,d2693372-48e0-431e-b95e-883e57087bce,1464706376,1465060036,1468326204
723285379490122,ba636cb0-98ac-4bfc-a3e9-d3674d6df056,1464778581,1466323092,1466452089
822688102588765,47aa6baa-9e7f-4c47-9c4e-e1c873eae01e,1464810823,1464977340,1467642664
620034365694308,b642109d-84f4-41cb-a3b7-290105725682,1464826424,1466357431,1468292419
491241183239395,9e047502-7fdd-4bd6-8cf8-1ac0e76bc853,1464889662,1464952085,1466488161
363800913632512,5b4b119e-00b0-4139-be25-e5177915d4f1,1464985828,1466662047,1468382274
767368923816352,4c100a8d-5cf8-49c0-80ab-a73c90bb4632,1464987099,1468233737,1468352834
549678508268820,fe86a89b-2f12-442c-97d4-3b4d1d42c09c,1465033517,1467306876,1468354017
635814075539913,29eb6daa-52de-44be-94c7-74ef5abc4025,1465116567,1466730599,1468375188
411380561337658,6edba59d-0420-4e75-9a1c-afbaede7fac5,1465135637,1465662908,1468186358
401476366753085,8862e134-e4b3-4aab-8079-ee6ae1767015,1465141538,1466655888,1467206068
404027577326911,96fc942b-9844-4f25-ad4a-8814647bdb49,1465146022,1466936984,1468239405
332293033549131,4483feb1-949e-4a02-9872-3e790f6cbdb4,1465165976,1465347858,1466314197
764302317167077,25c14542-ec59-4cce-8d9f-7469d9af3a75,1465172972,1465595300,1468372847
649824258859504,425a76aa-d659-4d94-a8e0-14b6fbf52a50,1465230002,1465334452,1468380948
633408893854214,9dd2d982-b9e4-4847-8349-1dfc974aff96,1465299475,1465554831,1466532872
840976073335325,bc13f8ca-56e7-46ce-a260-c3b2ad89e98e,1465335016,1466895209,1467052818
401527906360733,26809471-e719-4031-b2ec-01c442e2fe75,1465434096,1465702347,1467335189
480426455588258,6b3e1e27-5b9e-4bac-9383-899592e5b5ad,1465453050,1465780482,1465791463
466132804427196,3f79bc37-d2e1-4414-8665-80ff08227b41,1465528430,1465562191,1468376079
751065227960929,d5eb6e5b-d671-4ff0-b826-1824b2b59283,1465535323,1465539517,1466977051
332198544268741,9a69fc31-a4c6-47bb-928a-504164511c57,1465560335,1465561077,1466007008
629792531391158,0d995b98-0348-43d9-9442-c796eb406fdd,1465737627,1468119465,1468373924
396330995932713,646dfb5f-be33-482b-8466-8b36bb563129,1465741682,1468163021,1468364023
623453159662265,6bec8fe4-adb3-4803-b278-97ebcedc972e,1465742585,1466372170,1466748402
582427632050881,cca07482-9dc8-4bf2-8843-2d7050d87810,1465751640,1466169253,1468370705
567017289392837,d4ed0f27-3ca7-43dd-8c31-1dd309696bf0,1465754083,1466346836,1468291298
321435356235074,fc9ddb3e-0230-4f3e-838a-3d8f65364c78,1465766474,1467305969,1468358506
663697003235811,5d08a36b-9ff0-4877-a2c6-e376db5e77f4,1465798281,1465859129,1468297922
326632266663249,ebe6abdf-bb2a-4886-b280-110a47828b49,1465799786,1465812436,1467171687
563495416220133,ee7286f9-3ff8-4c7b-a1dd-8e9e6f9bc79f,1465801660,1465854300,1467003651
664392787937800,e35ecf1c-a7b0-4437-8497-bde69318c024,1465875810,1467232408,1468341223
647384717445641,08a35b0c-c541-47e4-9e10-723b1aa1642d,1465889439,1467997475,1468340525
607252543031841,6b486bb7-9de8-4135-aae7-a5f07104140c,1465936515,1465996414,1466618092
765857095338534,fdb33190-11b9-4eee-b712-b60dc9123c72,1465940694,1466081354,1466260192
640323791221070,c22f097b-b26b-43fd-9241-8a2a1db6fd60,1465998230,1466253703,1466256971
740491018498399,6ece2fd1-b61e-4f58-9fe1-10400b5539d0,1466019293,1468351244,1468353596
739786643861898,98be49f6-18e3-4316-9ca0-800ca93695c0,1466103140,1467362840,1468298646
497013619305702,b14e8c2c-3008-4cc5-9c21-e85e7d90c8f5,1466104726,1467903524,1467905381
743488905671066,f16970f9-e669-43d0-bbd7-dd7f436399ab,1466117310,1466120753,1466124583
562116733578493,4b6b61fc-85b8-40fa-a43a-7e1a1fe60b47,1466132477,1466261827,1466732080
369470270483751,aa9f0cbd-df30-4a0c-a7b7-4070dfeff977,1466176966,1466222570,1467869581
474138623487287,323b4d54-4b62-45f4-acf2-11b51ebe3f1d,1466190930,1468305240,1468307362
372597006675267,b955b015-8089-4104-b45d-515eac340664,1466199793,1466203471,1468328248
570075306127871,0d0dfe96-9a2b-46a6-a6db-b2645c7d3157,1466208486,1466619194,1468180487
813831880045105,c5d0f5f8-76de-4959-92c9-c09184eb8941,1466266514,1466642976,1468173313
582693920043573,ec07b1c4-2ac3-42c1-ad15-585fd7476785,1466270587,1466559445,1468376631
805516823360062,7ddc197f-48ea-476e-9872-70d1a6817895,1466284617,1468006914,1468378590
413897412193694,76d1269d-2945-4e99-a84a-3628db664d36,1466301571,1466692652,1468369189
412591742135716,9b1ee257-b056-466e-9c91-48a92284a94a,1466322145,1468038257,1468365102
538314024824238,b308d991-9696-4e3c-a46b-4a5b87c64078,1466359391,1466361168,1467216330
307201834626498,65b0da63-e6a0-43b2-a5ed-bf5b71582a96,1466390557,1466391869,1467081328
456881444892099,1ee227be-2506-4a12-834d-58747d76338f,1466391844,1466561484,1467258631
560098098949584,083b19a8-247e-4372-8524-a210d36eb998,1466416591,1466927551,1468380126
318592087895565,e60c0755-eab9-4262-9dc2-b574d00ab15d,1466540183,1468123149,1468359634
597597456560840,3825595c-6cc8-41a5-a02b-4bd10eff9454,1466579381,1466671004,1467653955
635049571381967,bc515c4c-f3a7-4c06-a4fd-14db558f4ee9,1466588507,1467702443,1467703639
668550316290800,a56b57b8-3c6a-4bfc-bf1c-d00e8b6d4435,1466618382,1466909471,1467476966
317784634043980,97a130fd-f533-407a-a384-b57e63f0f7e0,1466620511,1466687809,1467031823
603765029597940,3a4f6e0c-3ae3-4fcb-b95f-87387db04e21,1466624679,1466993859,1467496112
721129305928450,84b20ce2-0785-4ce7-9be3-84768c2d8fe8,1466636243,1466702308,1468380917
626012960191255,9e746614-3f28-4f02-85b4-e9646a22751e,1466647709,1468130260,1468377867
598842997076781,eb56bc50-1051-419e-a006-7cdbc4df76f2,1466673242,1466718037,1468313246
286508682194615,64e51b06-b062-46eb-9b96-e6d25b5e7562,1466705581,1466771702,1468339033
317466806464194,cdc5aca7-54c7-4c9a-a06d-472e5b6d04d5,1466712158,1467058531,1468010735
346990411656907,99719c51-16ba-441c-88e8-fe3b103af2d6,1466720833,1466889374,1468373665
605405707105124,267b3fa5-85e3-4726-967f-7a86fe33abff,1466731283,1467522094,1468370706
432675009212143,6ff97fe5-6d4a-49e7-b998-985345fe7c2b,1466770686,1466868508,1467210834
577067512886160,dc0ffc85-6532-4db9-9114-d229719666f9,1466782888,1467399769,1467706646
690884146230179,f84700b7-d114-4198-9377-72e73b78b084,1466791666,1466905567,1466957520
311651420745505,e49e42bf-743f-4770-915d-ea43622b53f3,1466800074,1466852865,1467746997
364917605150520,45f0bd97-5778-4d29-b232-98579da6d2b6,1466808654,1466817708,1467156051
454244334972744,c752b918-4c63-4e7a-8b53-31e4d7fde981,1466818974,1466857890,1467845979
447028789915475,271091c1-4b04-48f7-90cb-0ebc7b235228,1466827442,1466828777,1466886343
493809573703537,f7b4b3e2-605c-4700-aadb-2a001330661f,1466858665,1466951896,1467037976
778810716714001,924c3162-7142-449a-9866-a6100651e1e2,1466860970,1467163885,1467304917
350211637129096,ec7f8bc1-49bc-4d3c-9d88-75a7830c0011,1466873327,1466980283,1467855185
469345439985546,bd63e88d-64ca-4f80-8712-a8e6c440e479,1466873713,1467063063,1467687953
786859485426741,8204ecef-951b-4d65-ad94-acf6ff97a380,1466879900,1466888865,1468350840
296017739788191,471e3980-7fdb-4c44-bf4a-394afaed67e6,1466882361,1467942068,1467943544
588492125893704,3bdb4153-a11c-4139-9dd4-e668bdf89f44,1466889164,1466895624,1467195329
439924914007990,99496f9b-c760-486b-accc-873ebca5dfe4,1466891405,1466892881,1467533380
706766935290971,b7ef8479-468f-47e5-9c0b-436f9d90e99d,1466894636,1467145208,1468370834
765762606068858,c0400cab-2bc9-463d-bf5c-32a28b87bcd7,1466907610,1466921361,1467427819
358947600609274,47b89df2-9211-49d5-9560-97341e2c54cb,1466948963,1466956823,1467081701
750146104980657,5824ddb4-ce4a-4ee0-b5eb-8f0f0f3633d2,1466952105,1467061197,1467136179
459896511934474,0232f896-c33f-41f1-b3f0-4ef824594996,1466958717,1467994490,1468383148
838253064090833,bfeea2f4-28ee-40e7-9bc2-fc38aad1ef5f,1466963616,1466966687,1466972473
643991693292779,ff6c1925-e0a1-4a22-852d-e63661d18b89,1466971336,1468230379,1468364413
629569193112829,8a5a6f99-56d8-46ec-92b1-dc9a921ba0ce,1466978866,1467248680,1468332098
339792046469204,db668fb4-e3e9-4174-bd4e-e5489b11179a,1466989579,1466990044,1468198226
288819374600296,c2f485dc-a803-407d-af56-df570e04d44a,1467007500,1467008612,1467011165
818650833351994,c9f7ab2d-d212-41a5-9c91-0a114a752aa8,1467025094,1467030674,1467076097
359102219432082,56c3eeff-a9c9-4f16-ae10-0a01f5d05332,1467041767,1467219658,1467548314
703313781585270,e2f56135-e4ff-4e71-b52c-c93c371dd022,1467057479,1468301691,1468376183
293586788298933,b977bfa9-37a4-4ed4-a6bd-70d120178a08,1467057526,1467555830,1468366724
726051338450321,85d57808-c41d-4aba-8ecb-8293a8aa7256,1467068966,1467684705,1468374402
616546852281565,43c2a52b-f3f0-46c3-8f6b-04db935ae37e,1467113691,1467118383,1467742015
494745876584458,47d7d749-5f11-440a-9089-be468efed2b7,1467117246,1467121603,1467182369
365424411301914,07677c6b-3008-42a7-be3e-a352e857a5f6,1467132482,1467219774,1467329403
669426489629955,514c7fed-12ec-47ec-b5aa-4f9eae9b4aec,1467132762,1467134945,1468301932
701784773238028,9bd1d241-3b97-468e-8461-0691f7300e54,1467134779,1467140362,1467145445
307201834637352,c431805f-0503-46f3-9208-bdeb562fdc4a,1467139291,1467142235,1467920966
335239381145643,73045c6d-e577-4551-8eb2-1c5c3dc8adb2,1467140835,1467227122,1467552938
538820830976049,38b1d8f6-e15d-42cd-894d-10d0af99a752,1467144283,1467144636,1467702463
698065331559713,dbeccd13-8df1-42c7-9953-4af1ce995ce2,1467145109,1467211585,1468383202
420640510859325,69cc0fad-b73f-49f6-8783-b612509e2709,1467147821,1467155955,1468356666
333547164031050,926d63f0-88ff-42b5-bd13-98489e6489b8,1467151760,1467960136,1468373150
298371381876812,2a48780e-399d-4d7f-a98c-59542251fd5f,1467153310,1467153970,1468111835
738051477085492,435d836b-767d-4160-a150-22a619474ad7,1467153466,1467367869,1467983017
680576224730465,bc0a71b6-50b7-43d9-8742-260fcfcbb625,1467175263,1467178710,1468367330
313223378786412,f155be48-bab9-4c8f-bcbe-b6baf520524a,1467182815,1467940835,1468321000
395892909299855,f5fcc805-e344-4c27-9bb8-002cebaa9ddc,1467216877,1467218196,1467315120
733868178939299,7e3e029a-f089-4c22-8dd7-6136068ad014,1467227763,1467659529,1468153839
513652322621611,79e47f0b-06d3-46c0-b609-9196c9412cd4,1467231199,1467239539,1468314368
412634691819693,778d25cd-5c9e-4c86-ba77-cdeaf40d4412,1467231918,1467457238,1468360717
481414298097859,88afa75e-0e3e-49b7-9afd-fd479ff944e1,1467239189,1467544162,1467996285
362151646222553,e02f1bea-dd91-4574-9caf-dadacacc1763,1467250276,1467385606,1468015875
404414124415197,4a3eb407-f389-45ef-9931-bb0541651a30,1467253644,1467254782,1467322284
670998447670516,7feb1271-28e6-4914-b9b7-82491b3a8403,1467283524,1467376161,1468257359
371042228535315,e21cbd49-88a3-44fd-85ea-975d31e5920e,1467294041,1467463520,1467741480
620197574493455,a8470235-4049-4c4f-9599-ec13dd0c53bd,1467311890,1468178114,1468362853
325137618075748,e26ec795-5385-459a-b5ce-acd415312eb1,1467424058,1467432646,1467689474
676925502539117,ae3f09b1-6929-420b-a3cd-7b333c38b3a2,1467541228,1467866588,1468269723
719548757984676,0220562a-4168-419e-8ccf-8dc1f10f9049,1467658091,1467893939,1468362442
313137479450814,77e123d1-3af5-4737-af8d-db753ce15a3e,1467666286,1467950560,1468382695
565960727479722,c0ff234f-937d-4d87-a35d-349223509f13,1467674985,1468010501,1468379587
404766311743713,4f564564-3e77-43e2-b70b-b5db4b2204e2,1467751293,1467753236,1468380861
395695340814582,2718ecb6-e94b-4600-90c5-749372b5a55e,1467812737,1467984369,1468377081
749742378075620,3d5cb614-ad86-462b-a60f-ab883a0dc030,1467823600,1467904084,1468351416
487813799379197,c1ab1640-07ff-4fae-b019-7c5c75b9c2d9,1467825776,1467907303,1468350161
460540757049601,d094f563-2533-4d4c-8445-c324db29ff3e,1467846317,1467893909,1468335899
662245304321522,7282dd0d-6c84-42e5-b767-9f2848bd68b8,1467862910,1467870621,1468365644
424617650585870,363c1b1d-2d38-4270-b692-102c9697bbfd,1467870539,1467874941,1468305087
462585161482560,188398a3-0bdc-412a-a800-1eb612ed1351,1468025559,1468059259,1468361763
638184897529377,8b1a1739-cf02-455d-bd39-fe84bcc3ea52,1468060050,1468370754,1468371160
350314716365140,38a27733-6d20-465d-8ed4-5e399da124fa,1468105825,1468266558,1468360233
556490326442343,75f12b5c-51e1-4e4b-9663-b319cb7f89f6,1468168154,1468170184,1468358769
458281604252011,3f7f3639-d081-4311-9b43-da312a068235,1468178576,1468361758,1468363958
470797138952558,9b9c7901-2712-4adc-b20d-2d3eb9ed36bd,1468186052,1468207339,1468380048
283416305762674,9fd28314-0004-4325-8785-3f3f8bc22b42,1468193513,1468223116,1468341885
526116317725060,ee95cbf1-dddc-4898-9bfa-51db0605d604,1468256796,1468325328,1468348991